-- SQL-DML-INSERT

USE `Escola_de_Musica_do_Recife`;

INSERT INTO `Orquestra` (`idOrquestra`, `Nome`, `Cidade`, `País`, `DataCriacao`) VALUES
(1, 'Orquestra Sinfônica do Recife', 'Recife', 'Brasil', '1930-10-11'),
(2, 'Orquestra Criança Cidadã', 'Recife', 'Brasil', '2006-07-25'),
(3, 'Orquestra de Câmara de Pernambuco', 'Olinda', 'Brasil', '1998-03-15'),
(4, 'Filarmônica de Berlim', 'Berlim', 'Alemanha', '1882-05-01'),
(5, 'Filarmônica de Viena', 'Viena', 'Áustria', '1842-03-28'),
(6, 'Orquestra Sinfônica de Londres', 'Londres', 'Reino Unido', '1904-06-09'),
(7, 'Orquestra do Concertgebouw de Amsterdã', 'Amsterdã', 'Países Baixos', '1888-11-03'),
(8, 'Orquestra Sinfônica de Chicago', 'Chicago', 'EUA', '1891-10-16'),
(9, 'Orquestra da Rádio Bávara', 'Munique', 'Alemanha', '1949-07-01'),
(10, 'Filarmônica de Nova Iorque', 'Nova Iorque', 'EUA', '1842-12-07'),
(11, 'Orquestra de Paris', 'Paris', 'França', '1967-11-14'),
(12, 'Orquestra Sinfônica de Boston', 'Boston', 'EUA', '1881-10-22'),
(13, 'Orquestra de Cleveland', 'Cleveland', 'EUA', '1918-12-11'),
(14, 'Filarmônica de Los Angeles', 'Los Angeles', 'EUA', '1919-10-24'),
(15, 'Orquestra Sinfônica de Montreal', 'Montreal', 'Canadá', '1934-01-14'),
(16, 'Orquestra Sinfônica de São Paulo (OSESP)', 'São Paulo', 'Brasil', '1954-07-13'),
(17, 'Orquestra Filarmônica de Minas Gerais', 'Belo Horizonte', 'Brasil', '2008-02-21'),
(18, 'Orquestra Sinfônica do Teatro Nacional', 'Brasília', 'Brasil', '1979-11-06'),
(19, 'Orquestra Sinfônica da Bahia', 'Salvador', 'Brasil', '1982-09-30'),
(20, 'Orquestra Sinfônica de Porto Alegre', 'Porto Alegre', 'Brasil', '1950-11-07'),
(21, 'Orquestra Virtuosi', 'Recife', 'Brasil', '2010-05-20'),
(22, 'SpokFrevo Orquestra', 'Recife', 'Brasil', '2001-11-15');


INSERT INTO `Funcao` (`idFuncao`, `Nome`, `Descricao`) VALUES
(1, 'Maestro', 'Responsável pela regência da orquestra.'),
(2, 'Spalla', 'Primeiro-violino, líder dos violinos.'),
(3, 'Violinista', 'Músico que toca violino.'),
(4, 'Violista', 'Músico que toca viola.'),
(5, 'Violoncelista', 'Músico que toca violoncelo.'),
(6, 'Contrabaixista', 'Músico que toca contrabaixo.'),
(7, 'Flautista', 'Músico que toca flauta.'),
(8, 'Clarinetista', 'Músico que toca clarinete.'),
(9, 'Fagotista', 'Músico que toca fagote.'),
(10, 'Trompetista', 'Músico que toca trompete.'),
(11, 'Trombonista', 'Músico que toca trombone.'),
(12, 'Percussionista', 'Músico que toca instrumentos de percussão.');

INSERT INTO `Instrumentos` (`idInstrumentos`, `Nome`, `Tipo`, `Fabricante`) VALUES
(1, 'Violino', 'Cordas', 'Stradivarius'),
(2, 'Viola', 'Cordas', 'Guarneri'),
(3, 'Violoncelo', 'Cordas', 'Amati'),
(4, 'Contrabaixo', 'Cordas', 'G&L'),
(5, 'Flauta Transversal', 'Madeiras', 'Yamaha'),
(6, 'Clarinete', 'Madeiras', 'Buffet Crampon'),
(7, 'Fagote', 'Madeiras', 'Heckel'),
(8, 'Oboé', 'Madeiras', 'Lorée'),
(9, 'Trompete', 'Metais', 'Bach'),
(10, 'Trombone', 'Metais', 'Conn'),
(11, 'Trompa', 'Metais', 'Holton'),
(12, 'Tuba', 'Metais', 'Miraphone'),
(13, 'Tímpano', 'Percussão', 'Ludwig'),
(14, 'Caixa clara', 'Percussão', 'Pearl'),
(15, 'Bumbo', 'Percussão', 'Adams'),
(16, 'Pratos', 'Percussão', 'Zildjian'),
(17, 'Harpa', 'Cordas', 'Lyon & Healy'),
(18, 'Piano', 'Cordas', 'Steinway & Sons'),
(19, 'Saxofone Alto', 'Madeiras', 'Selmer'),
(20, 'Vibrafone', 'Percussão', 'Musser');


INSERT INTO `Sinfonia` (`idSinfonia`, `Nome`, `Compositor`, `DataCriacao`, `Orquestra_idOrquestra`) VALUES
(1, 'Sinfonia N.º 5 em Dó menor', 'Ludwig van Beethoven', '1808-12-22', 4),
(2, 'Sinfonia N.º 9 em Ré menor "Coral"', 'Ludwig van Beethoven', '1824-05-07', 5),
(3, 'Sinfonia N.º 40 em Sol menor', 'Wolfgang Amadeus Mozart', '1788-07-25', 5),
(4, 'Sinfonia N.º 41 em Dó maior "Júpiter"', 'Wolfgang Amadeus Mozart', '1788-08-10', 5),
(5, 'Sinfonia N.º 9 em Mi menor "Do Novo Mundo"', 'Antonín Dvořák', '1893-12-16', 10),
(6, 'Sinfonia Fantástica', 'Hector Berlioz', '1830-12-05', 11),
(7, 'Sinfonia N.º 1 em Ré maior "Titã"', 'Gustav Mahler', '1889-11-20', 4),
(8, 'Sinfonia N.º 6 em Si menor "Pathétique"', 'Piotr Ilitch Tchaikovsky', '1893-10-28', 6),
(9, 'Sinfonia N.º 8 em Si menor "Inacabada"', 'Franz Schubert', '1822-10-30', 5),
(10, 'A Sagração da Primavera', 'Igor Stravinsky', '1913-05-29', 11),
(11, 'Bachianas Brasileiras N.º 2', 'Heitor Villa-Lobos', '1930-01-01', 16),
(12, 'O Guarani (Abertura)', 'Carlos Gomes', '1870-12-02', 16),
(13, 'Sinfonia N.º 1 "O Impossível"', 'Cláudio Santoro', '1946-01-01', 18),
(14, 'Maracatu de Chico Rei', 'Francisco Mignone', '1933-01-01', 17),
(15, 'Sinfonia N.º 3 "Eroica"', 'Ludwig van Beethoven', '1805-04-07', 4),
(16, 'Sinfonia N.º 101 "O Relógio"', 'Joseph Haydn', '1794-03-03', 6),
(17, 'Sinfonia N.º 5 em Mi menor', 'Piotr Ilitch Tchaikovsky', '1888-11-17', 6),
(18, 'Sinfonia dos Salmos', 'Igor Stravinsky', '1930-12-13', 12),
(19, 'Sinfonia N.º 2 "Ressurreição"', 'Gustav Mahler', '1895-12-13', 9),
(20, 'Vassourinhas', 'Matias da Rocha e Joana Batista', '1909-01-01', 22);


INSERT INTO `Musicos` (`idMusicos`, `Nome`, `CPF`, `DataNascimento`, `Nacionalidade`, `Orquestra_idOrquestra`) VALUES
(1, 'João da Silva', '111.222.333-01', '1985-05-10', 'Brasileira', 1),
(2, 'Maria Oliveira', '111.222.333-02', '1990-02-15', 'Brasileira', 1),
(3, 'José Santos', '111.222.333-03', '1982-11-20', 'Brasileira', 2),
(4, 'Ana Pereira', '111.222.333-04', '1995-07-30', 'Brasileira', 2),
(5, 'Carlos Souza', '111.222.333-05', '1979-01-25', 'Brasileira', 3),
(6, 'Helena Costa', '111.222.333-06', '1988-09-12', 'Brasileira', 3),
(7, 'Klaus Schmidt', '222.333.444-07', '1980-04-05', 'Alemã', 4),
(8, 'Hans Müller', '222.333.444-08', '1975-08-22', 'Alemã', 4),
(9, 'Stefan Huber', '333.444.555-09', '1983-06-18', 'Austríaca', 5),
(10, 'John Smith', '444.555.666-10', '1981-03-14', 'Britânica', 6),
(11, 'Emily Johnson', '555.666.777-11', '1992-10-01', 'Americana', 8),
(12, 'Michael Williams', '555.666.777-12', '1987-12-03', 'Americana', 10),
(13, 'Pierre Dubois', '666.777.888-13', '1984-07-09', 'Francesa', 11),
(14, 'Antônio Carlos Jobim Filho', '111.222.333-14', '1991-05-29', 'Brasileira', 16),
(15, 'Fernanda Montenegro da Viola', '111.222.333-15', '1989-02-28', 'Brasileira', 17),
(16, 'Luiz Gonzaga do Trombone', '111.222.333-16', '1993-06-13', 'Brasileira', 2),
(17, 'Capiba da Clarineta', '111.222.333-17', '1998-10-28', 'Brasileira', 1),
(18, 'Naná Vasconcelos da Percussão', '111.222.333-18', '1999-08-02', 'Brasileira', 21),
(19, 'Alceu Valença da Flauta', '111.222.333-19', '1994-07-01', 'Brasileira', 21),
(20, 'Dominguinhos do Fagote', '111.222.333-20', '1996-02-12', 'Brasileira', 22),
(21, 'Jackson do Pandeiro', '111.222.333-21', '1997-08-31', 'Brasileira', 22),
(22, 'Sivuca do Contrabaixo', '111.222.333-22', '1986-05-26', 'Brasileira', 3),
(23, 'Lia de Itamaracá da Harpa', '111.222.333-23', '1982-01-12', 'Brasileira', 1),
(24, 'Chico Science do Trompete', '111.222.333-24', '1990-03-13', 'Brasileira', 22),
(25, 'Lenine do Violoncelo', '111.222.333-25', '1988-02-02', 'Brasileira', 3);


INSERT INTO `MusicosInstrumentos` (`Musicos_idMusicos`, `Instrumentos_idInstrumentos`, `NivelProeficiencia`) VALUES
(1, 1, 'Alto'),
(2, 1, 'Alto'),
(3, 3, 'Médio'),
(4, 2, 'Médio'),
(4, 3, 'Baixo'),
(5, 4, 'Baixo'),
(6, 17, 'Médio'),
(7, 1, 'Alto'),
(8, 5, 'Médio'),
(8, 13, 'Alto'),
(9, 3, 'Alto'),
(10, 8, 'Baixo'),
(11, 13, 'Baixo'),
(12, 9, 'Médio'),
(13, 6, 'Alto'),
(14, 18, 'Alto'),
(15, 2, 'Baixo'),
(16, 10, 'Alto'),
(17, 6, 'Alto'),
(18, 15, 'Alto'),
(19, 5, 'Médio'),
(20, 7, 'Baixo'),
(21, 14, 'Alto'),
(22, 4, 'Alto'),
(23, 17, 'Médio'),
(24, 9, 'Alto'),
(25, 3, 'Baixo');


INSERT INTO `MusicosFuncaoSinfonia` (`Sinfonia_idSinfonia`, `Funcao_idFuncao`, `Musicos_idMusicos`, `DataInicioFuncao`, `DataFimFuncao`) VALUES
(1, 2, 7, '2022-03-10', NULL),
(1, 3, 8, '2022-03-10', NULL),
(2, 5, 9, '2023-05-20', NULL),
(3, 1, 9, '2021-09-01', '2022-08-30'),
(4, 7, 10, '2020-02-15', NULL),
(5, 11, 12, '2024-01-20', NULL),
(6, 8, 13, '2023-11-11', NULL),
(8, 4, 10, '2022-06-01', NULL),
(11, 1, 14, '2019-08-01', NULL),
(12, 4, 15, '2020-10-05', NULL),
(20, 10, 24, '2025-02-01', NULL),
(20, 11, 16, '2025-02-01', NULL),
(20, 12, 18, '2025-02-01', NULL),
(1, 3, 1, '2024-05-18', NULL),
(1, 3, 2, '2024-05-18', NULL),
(14, 5, 25, '2023-07-22', NULL),
(14, 6, 22, '2023-07-22', NULL),
(12, 1, 1, '2022-11-30', '2023-11-29'),
(10, 9, 20, '2021-04-12', NULL),
(10, 12, 21, '2021-04-12', NULL),
(5, 2, 11, '2023-09-10', NULL),
(17, 3, 7, '2024-08-15', NULL),
(19, 12, 8, '2022-10-20', NULL),
(7, 6, 9, '2023-01-30', NULL),
(15, 1, 10, '2024-03-05', NULL);